scientific_name,name_correction,generic_species
Acanthis flammea,,
Acanthis flammea flammea,Acanthis flammea,
Acanthis flammea/hornemanni,Acanthis flammea,
Acanthis hornemanni,,
Acanthis sp.,Acanthis flammea,1
Acanthis/Spinus sp.,Acanthis flammea,1
Accipiter cooperii,,
Accipiter gentilis,,
Accipiter gentilis atricapillus/laingi,Accipiter gentilis,
Accipiter sp.,Accipiter striatus,1
Accipiter striatus,,
Accipiter striatus [velox Group],Accipiter striatus,
Accipiter striatus ventralis,Accipiter striatus,
Accipiter striatus/cooperii,Accipiter striatus,
Accipitridae sp.,Accipiter striatus,1
Accipitriformes/Falconiformes sp.,Accipiter striatus,
Acridotheres tristis,,
Acrocephalus familiaris,,
Actitis hypoleucos/macularius,Actitis hypoleucos,
Actitis macularius,,
Aechmophorus clarkii,,
Aechmophorus occidentalis,,
Aechmophorus occidentalis x clarkii,Aechmophorus occidentalis,
Aechmophorus occidentalis/clarkii,Aechmophorus occidentalis,
Aegolius acadicus,,
Aegolius funereus,,
Aerodramus bartschi,,
Aeronautes saxatalis,,
Aethia cristatella,,
Aethia psittacula,,
Aethia pusilla,,
Aethia pygmaea,,
Agapornis fischeri,,
Agapornis roseicollis,,
Agapornis sp.,Agapornis roseicollis,1
Agelaius phoeniceus,,
Agelaius phoeniceus [phoeniceus Group],Agelaius phoeniceus,
Agelaius phoeniceus californicus/mailliardorum,Agelaius phoeniceus californicus,
Agelaius tricolor,,
Aimophila ruficeps,,
Aix galericulata,,
Aix sponsa,,
Aix sponsa x Anas platyrhynchos,Aix sponsa,
Aix sponsa x Lophodytes cucullatus,Aix sponsa,
Alauda arvensis,,
Alca torda,,
Alcidae sp.,Alca torda,1
Alectoris chukar,,
Alle alle,,
Alopochen aegyptiaca,,
Amandava amandava,,
Amazilia beryllina,,
Amazilia violiceps,,
Amazilia yucatanensis,,
Amazona aestiva,,
Amazona albifrons,,
Amazona amazonica,,
Amazona auropalliata,,
Amazona autumnalis,,
Amazona farinosa,,
Amazona finschi,,
Amazona ochrocephala,,
Amazona oratrix,,
Amazona sp.,Amazona finschi,1
Amazona viridigenalis,,
Ammodramus bairdii,,
Ammodramus caudacutus,,
Ammodramus henslowii,,
Ammodramus leconteii,,
Ammodramus maritimus,,
Ammodramus maritimus maritimus/macgillivraii,Ammodramus maritimus maritimus,
Ammodramus nelsoni,,
Ammodramus nelsoni subvirgatus,,
Ammodramus nelsoni/caudacutus,Ammodramus nelsoni,
Ammodramus savannarum,,
Ammodramus sp.,Ammodramus leconteii,1
Amphispiza bilineata,,
Amphispiza quinquestriata,,
Anas acuta,,
Anas acuta x crecca,Anas acuta,
Anas americana,,
Anas americana x crecca,Anas americana,
Anas americana x platyrhynchos,Anas americana,
Anas bahamensis,,
Anas clypeata,,
Anas crecca,,
Anas crecca carolinensis,,
Anas crecca crecca/nimia,Anas crecca crecca,
Anas crecca crecca/nimia x carolinensis,Anas crecca crecca,
Anas cyanoptera,,
Anas cyanoptera x crecca,Anas cyanoptera,
Anas discors,,
Anas discors x clypeata,Anas discors,
Anas discors x crecca,Anas discors,
Anas discors x cyanoptera,Anas discors,
Anas discors/cyanoptera,Anas discors,
Anas falcata,,
Anas formosa,,
Anas fulvigula,,
Anas fulvigula fulvigula,,
Anas laysanensis,,
Anas penelope,,
Anas penelope x americana,Anas penelope ,
Anas penelope/americana,Anas penelope,
Anas platyrhynchos,,
Anas platyrhynchos (Domestic type),Anas platyrhynchos ,
Anas platyrhynchos diazi,,
Anas platyrhynchos platyrhynchos x diazi,Anas platyrhynchos platyrhynchos,
Anas platyrhynchos platyrhynchos/conboschas,Anas platyrhynchos platyrhynchos,
Anas platyrhynchos x acuta,Anas platyrhynchos ,
Anas platyrhynchos x clypeata,Anas platyrhynchos,
Anas platyrhynchos x fulvigula,Anas platyrhynchos,
Anas platyrhynchos x wyvilliana,Anas platyrhynchos ,
Anas platyrhynchos/fulvigula,Anas platyrhynchos,
Anas querquedula,,
Anas rubripes,,
Anas rubripes x platyrhynchos,Anas rubripes,
Anas rubripes/fulvigula,Anas rubripes,
Anas rubripes/platyrhynchos,Anas rubripes,
Anas sp.,Anas platyrhynchos,1
Anas sp. (teal sp.),Anas platyrhynchos,1
Anas strepera,,
Anas strepera strepera,,
Anas strepera x acuta,Anas strepera,
Anas strepera x americana,Anas strepera,
Anas strepera x clypeata,Anas strepera,
Anas strepera x crecca,Anas strepera ,
Anas strepera x platyrhynchos,Anas strepera,
Anas wyvilliana,,
Anatidae sp.,Anas platyrhynchos,1
Anatinae sp.,Anas platyrhynchos,1
Anhinga anhinga,,
Anous minutus,,
Anous minutus melanogenys,,
Anous stolidus,,
Anous stolidus/minutus,Anous stolidus,
Anser albifrons,,
Anser albifrons albifrons,,
Anser albifrons gambelli/frontalis,Anser albifrons gambelli,
Anser albifrons x Branta canadensis,Anser albifrons ,
Anser albifrons x Branta hutchinsii,Anser albifrons,
Anser anser,,
Anser anser (Domestic type),Anser anser ,
Anser anser (Domestic type) x Branta canadensis,Anser anser ,
Anser anser x Branta canadensis,Anser anser ,
Anser brachyrhynchus,,
Anser cygnoides,,
Anser cygnoides (Domestic type),Anser cygnoides ,
Anser cygnoides (Domestic type) x Branta canadensis,Anser cygnoides ,
Anser erythropus,,
Anser fabalis,,
Anser indicus,,
Anser serrirostris,,
Anser sp. (Domestic type),Anser anser ,1
Anser sp. (Domestic type) x Branta canadensis,Anser anser ,1
Anser/Chen/Branta sp.,Anser anser ,1
Anthracothorax prevostii,,
Anthus cervinus,,
Anthus rubescens,,
Anthus rubescens japonicus,,
Anthus rubescens rubescens/pacificus,Anthus rubescens rubescens,
Anthus sp.,Anthus rubescens,1
Anthus spinoletta,,
Anthus spragueii,,
Antrostomus carolinensis,,
Antrostomus sp.,Antrostomus vociferus,1
Antrostomus vociferus,,
Aphelocoma californica,,
Aphelocoma californica [californica Group],Aphelocoma californica,
Aphelocoma californica [woodhouseii Group],Aphelocoma californica ,
Aphelocoma coerulescens,,
Aphelocoma insularis,,
Aphelocoma wollweberi,,
Apodidae sp.,Chaetura pelagica,1
Apodidae sp. (small swift sp.),Chaetura pelagica,1
Aquila chrysaetos,,
Ara ararauna,,
Ara severus,,
Aramus guarauna,,
Aratinga nenday,,
Aratinga weddellii,,
Archilochus alexandri,,
Archilochus colubris,,
Archilochus colubris/alexandri,Archilochus colubris,
Ardea alba,,
Ardea alba egretta,,
Ardea herodias,,
Ardea herodias (Wurdemann's),Ardea herodias ,
Ardea herodias [herodias Group],Ardea herodias,
Ardea herodias occidentalis,,
Ardeidae sp.,Ardea herodias,1
Ardenna bulleri,,
Ardenna carneipes,,
Ardenna creatopus,,
Ardenna gravis,,
Ardenna grisea,,
Ardenna grisea/tenuirostris,Ardenna grisea,
Ardenna pacifica,,
Ardenna tenuirostris,,
Arenaria interpres,,
Arenaria melanocephala,,
Arremonops rufivirgatus,,
Artemisiospiza belli,,
Artemisiospiza belli belli,,
Artemisiospiza belli canescens,,
Artemisiospiza nevadensis,,
Artemisiospiza nevadensis/belli,Artemisiospiza nevadensis,
Asio flammeus,,
Asio flammeus flammeus,,
Asio otus,,
Asio otus wilsonianus/tuftsi,Asio otus wilsonianus,
Asio sp.,Asio flammeus,1
Athene cunicularia,,
Auriparus flaviceps,,
Aves sp.,.,1
Aythya affinis,,
Aythya americana,,
Aythya americana x affinis,Aythya americana ,
Aythya collaris,,
Aythya collaris x Mergus serrator,Aythya collaris,
Aythya collaris x affinis,Aythya collaris ,
Aythya collaris x fuligula,Aythya collaris ,
Aythya collaris x marila,Aythya collaris ,
Aythya collaris x marila/affinis,Aythya collaris ,
Aythya ferina,,
Aythya fuligula,,
Aythya fuligula x marila/affinis,Aythya fuligula,
Aythya marila,,
Aythya marila/affinis,Aythya marila,
Aythya sp.,Aythya collaris ,1
Aythya valisineria,,
Baeolophus atricristatus,,
Baeolophus bicolor,,
Baeolophus bicolor x atricristatus,Baeolophus bicolor,
Baeolophus bicolor/atricristatus,Baeolophus bicolor,
Baeolophus inornatus,,
Baeolophus inornatus/ridgwayi,Baeolophus inornatus,
Baeolophus ridgwayi,,
Baeolophus wollweberi,,
Bartramia longicauda,,
Basileuterus culicivorus,,
Basileuterus rufifrons,,
Basileuterus rufifrons [rufifrons Group],Basileuterus rufifrons,
Bombycilla cedrorum,,
Bombycilla garrulus,,
Bombycilla garrulus/cedrorum,Bombycilla garrulus,
Bonasa umbellus,,
Botaurus lentiginosus,,
Brachyramphus brevirostris,,
Brachyramphus marmoratus,,
Brachyramphus perdix,,
Brachyramphus/Synthliboramphus sp.,Brachyramphus perdix,
Branta bernicla,,
Branta bernicla hrota,,
Branta bernicla nigricans/orientalis,Branta bernicla,
Branta canadensis,,
Branta canadensis moffitti/maxima,Branta canadensis,
Branta canadensis occidentalis/fulva,Branta canadensis,
Branta hutchinsii,,
Branta hutchinsii hutchinsii,,
Branta hutchinsii leucopareia,,
Branta hutchinsii minima,,
Branta hutchinsii/canadensis,Branta hutchinsii,
Branta leucopsis,,
Branta leucopsis x canadensis,Branta leucopsis,
Branta leucopsis x hutchinsii,Branta leucopsis,
Branta sandvicensis,,
Brotogeris chiriri,,
Brotogeris versicolurus,,
Brotogeris versicolurus/chiriri,Brotogeris versicolurus,
Bubo scandiacus,,
Bubo virginianus,,
Bubulcus ibis,,
Bubulcus ibis ibis,,
Bucephala albeola,,
Bucephala albeola x Lophodytes cucullatus,Bucephala albeola,
Bucephala albeola x clangula,Bucephala albeola,
Bucephala clangula,,
Bucephala clangula x Lophodytes cucullatus,Bucephala clangula,
Bucephala clangula x islandica,Bucephala clangula,
Bucephala clangula/islandica,Bucephala clangula,
Bucephala clangula/islandica x Lophodytes cucullatus,Bucephala clangula,
Bucephala islandica,,
Bucephala islandica x Lophodytes cucullatus,Bucephala islandica,
Buteo albonotatus,,
Buteo brachyurus,,
Buteo jamaicensis,,
Buteo jamaicensis abieticola,,
Buteo jamaicensis borealis,,
Buteo jamaicensis calurus/alascensis,Buteo jamaicensis calurus,
Buteo jamaicensis harlani,,
Buteo jamaicensis kriderii,,
Buteo lagopus,,
Buteo lineatus,,
Buteo lineatus [lineatus Group],Buteo lineatus,
Buteo lineatus elegans,,
Buteo lineatus x jamaicensis,Buteo lineatus,
Buteo plagiatus,,
Buteo platypterus,,
Buteo platypterus platypterus,,
Buteo regalis,,
Buteo solitarius,,
Buteo sp.,Buteo jamaicensis,1
Buteo swainsoni,,
Buteo/eagle sp.,Buteo jamaicensis,1
Buteogallus anthracinus,,
Buteogallus urubitinga,,
Butorides virescens,,
Cacatua galerita,,
Cacatua goffiniana,,
Cacatua moluccensis,,
Cairina moschata,,
Cairina moschata (Domestic type),Cairina moschata,
Cairina moschata (Established Feral),Cairina moschata,
Cairina moschata x Anas platyrhynchos,Cairina moschata,
Calamospiza melanocorys,,
Calcarius lapponicus,,
Calcarius ornatus,,
Calcarius pictus,,
Calcarius/Rhynchophanes sp.,Calcarius pictus,
Calidris acuminata,,
Calidris alba,,
Calidris alpina,,
Calidris alpina alpina,,
Calidris bairdii,,
Calidris canutus,,
Calidris ferruginea,,
Calidris fuscicollis,,
Calidris himantopus,,
Calidris maritima,,
Calidris mauri,,
Calidris melanotos,,
Calidris minuta,,
Calidris minutilla,,
Calidris ptilocnemis,,
Calidris pugnax,,
Calidris pusilla,,
Calidris sp.,Calidris minutilla,1
Calidris sp. (peep sp.),,
Calidris subruficollis,,
Calidris virgata,,
Callipepla californica,,
Callipepla californica x gambelii,Callipepla californica,
Callipepla gambelii,,
Callipepla squamata,,
Callipepla squamata x Colinus virginianus,Callipepla squamata,
Callipepla squamata x californica,Callipepla squamata,
Callonetta leucophrys,,
Calocitta colliei,,
Calonectris diomedea,,
Calypte anna,,
Calypte anna x Selasphorus sp.,Calypte anna,
Calypte anna x costae,Calypte anna,
Calypte anna/costae,Calypte anna,
Calypte costae,,
Camptostoma imberbe,,
Campylorhynchus brunneicapillus,,
Caprimulgidae sp.,Campylorhynchus brunneicapillus,1
Caprimulgus sp.,Campylorhynchus brunneicapillus,1
Caracara cheriway,,
Cardellina canadensis,,
Cardellina pusilla,,
Cardinalis cardinalis,,
Cardinalis cardinalis/sinuatus,Cardinalis cardinalis,
Cardinalis sinuatus,,
Carduelis cannabina,,
Carduelis carduelis,,
Carduelis sp.,Carduelis carduelis,1
Cathartes aura,,
Cathartes aura aura/septentrionalis,Cathartes aura,
Cathartidae sp.,Catharus guttatus,1
Catharus fuscescens,,
Catharus guttatus,,
Catharus guttatus [guttatus Group],Catharus guttatus,
Catharus minimus,,
Catharus sp.,Catharus guttatus,1
Catharus ustulatus,,
Catherpes mexicanus,,
Centrocercus minimus,,
Centrocercus urophasianus,,
Cepphus columba,,
Cepphus grylle,,
Cepphus grylle [grylle Group],Cepphus grylle,
Cerorhinca monocerata,,
Certhia americana,,
Certhia americana albescens/alticola,Certhia americana,
Chaetura pelagica,,
Chaetura sp.,Chaetura vauxi,1
Chaetura vauxi,,
Chaetura vauxi vauxi,,
Chamaea fasciata,,
Charadriidae sp.,Charadrius vociferus,1
Charadriiformes sp.,Charadrius vociferus,
Charadrius hiaticula,,
Charadrius melodus,,
Charadrius montanus,,
Charadrius nivosus,,
Charadrius semipalmatus,,
Charadrius sp.,Charadrius vociferus,1
Charadrius vociferus,,
Charadrius wilsonia,,
Chasiempis ibidis,,
Chasiempis sandwichensis,,
Chasiempis sclateri,,
Chen caerulescens,,
Chen caerulescens x Branta canadensis,Chen caerulescens,
Chen caerulescens x Branta hutchinsii,Chen caerulescens,
Chen caerulescens x rossii,Chen caerulescens,
Chen caerulescens/rossii,Chen caerulescens,
Chen canagica,,
Chen rossii,,
Chen rossii x Branta hutchinsii,Chen rossii,
Chlidonias niger,,
Chloroceryle amazona,,
Chloroceryle americana,,
Chlorodrepanis flava,,
Chlorodrepanis stejnegeri,,
Chlorodrepanis virens,,
Chlorodrepanis virens wilsoni,,
Chondestes grammacus,,
Chondrohierax uncinatus,,
Chordeiles acutipennis,,
Chordeiles minor,,
Chordeiles sp.,Chordeiles acutipennis,1
Chroicocephalus philadelphia,,
Chroicocephalus ridibundus,,
Cinclus mexicanus,,
Circus cyaneus,,
Circus cyaneus hudsonius,,
Cistothorus palustris,,
Cistothorus palustris [paludicola Group],Cistothorus palustris,
Cistothorus platensis,,
Cistothorus platensis stellaris,,
Clangula hyemalis,,
Coccothraustes vespertinus,,
Coccyzus americanus,,
Coccyzus minor,,
Coereba flaveola,,
Colaptes auratus,,
Colaptes auratus [cafer Group],Colaptes auratus,
Colaptes auratus auratus/luteus,Colaptes auratus,
Colaptes auratus luteus x cafer,Colaptes auratus,
Colaptes auratus/chrysoides,Colaptes auratus,
Colaptes chrysoides,,
Colinus virginianus,,
Colinus virginianus [virginianus Group],Colinus virginianus,
Columba livia,,
Columba livia (Feral Pigeon),Columba livia,
Columba livia (Wild type),Columba livia,
Columbidae sp.,Columba livia,1
Columbina inca,,
Columbina passerina,,
Columbina talpacoti,,
Contopus caribaeus,,
Contopus cooperi,,
Contopus pertinax,,
Contopus sordidulus,,
Contopus sp.,Contopus pertinax,1
Contopus virens,,
Copsychus malabaricus,,
Coragyps atratus,,
Corvidae sp. (jay sp.),Corvus brachyrhynchos,1
Corvus brachyrhynchos,,
Corvus brachyrhynchos/caurinus,Corvus brachyrhynchos,
Corvus caurinus,,
Corvus corax,,
Corvus cryptoleucus,,
Corvus hawaiiensis,,
Corvus imparatus,,
Corvus ossifragus,,
Corvus sp.,Corvus brachyrhynchos,1
Corvus sp. (crow sp.),Corvus brachyrhynchos,1
Corvus sp. (raven sp.),Corvus brachyrhynchos,1
Coscoroba coscoroba,,
Coturnicops noveboracensis,,
Crotophaga ani,,
Crotophaga ani/sulcirostris,Crotophaga ani,
Crotophaga sulcirostris,,
Cuculidae sp.,Cuculus canorus,1
Cyanocitta cristata,,
Cyanocitta stelleri,,
Cyanocitta stelleri [diademata Group],Cyanocitta stelleri,
Cyanocitta stelleri [stelleri Group],Cyanocitta stelleri,
Cyanocitta stelleri x cristata,Cyanocitta stelleri,
Cyanocompsa parellina,,
Cyanocorax yncas,,
Cygnus atratus,,
Cygnus buccinator,,
Cygnus buccinator x cygnus,Cygnus buccinator,
Cygnus buccinator/columbianus,Cygnus buccinator,
Cygnus columbianus,,
Cygnus columbianus bewickii,,
Cygnus columbianus columbianus,,
Cygnus cygnus,,
Cygnus melancoryphus,,
Cygnus olor,,
Cygnus sp.,Cygnus olor,1
Cynanthus latirostris,,
Cynanthus latirostris [latirostris Group],Cynanthus latirostris,
Cyrtonyx montezumae,,
Dendragapus fuliginosus,,
Dendragapus obscurus,,
Dendragapus obscurus/fuliginosus,Dendragapus obscurus,
Dendrocygna autumnalis,,
Dendrocygna autumnalis autumnalis,,
Dendrocygna bicolor,,
Dendrocygna eytoni,,
Dendrocygna viduata,,
Diomedea sp.,Diomedea exulans,1
Dolichonyx oryzivorus,,
Drepanis coccinea,,
Dryocopus pileatus,,
Dumetella carolinensis,,
Eclectus roratus,,
Egretta caerulea,,
Egretta garzetta,,
Egretta rufescens,,
Egretta thula,,
Egretta tricolor,,
Egretta/Bubulcus sp.,Egretta thula,1
Elanoides forficatus,,
Elanus leucurus,,
Emberiza pusilla,,
Emberiza rustica,,
Emberizidae sp. (sparrow sp.),Emberiza,1
Empidonax difficilis,,
Empidonax difficilis/occidentalis,Empidonax difficilis,
Empidonax flaviventris,,
Empidonax hammondii,,
Empidonax hammondii/oberholseri,Empidonax hammondii,
Empidonax minimus,,
Empidonax oberholseri,,
Empidonax occidentalis,,
Empidonax sp.,Empidonax wrightii,1
Empidonax traillii,,
Empidonax virescens,,
Empidonax wrightii,,
Eremophila alpestris,,
Estrilda astrild,,
Estrilda caerulescens,,
Estrilda melpoda,,
Estrilda troglodytes,,
Estrildidae sp.,,
Eudocimus albus,,
Eudocimus albus x ruber,Eudocimus albus,
Eugenes fulgens,,
Euodice cantans,,
Euodice malabarica,,
Euphagus carolinus,,
Euphagus carolinus/cyanocephalus,Euphagus carolinus,
Euphagus cyanocephalus,,
Euplectes franciscanus,,
Euplectes orix,,
Eupsittula canicularis,,
Eupsittula/Aratinga/Thectocercus/Psittacara sp.,Euplectes orix,1
Euptilotis neoxenus,,
Falcipennis canadensis,,
Falco columbarius,,
Falco columbarius columbarius,,
Falco columbarius pallidus,,
Falco columbarius richardsonii,,
Falco columbarius suckleyi,,
Falco femoralis,,
Falco mexicanus,,
Falco peregrinus,,
Falco peregrinus anatum,,
Falco peregrinus calidus/tundrius,Falco peregrinus,
Falco rusticolus,,
Falco sp.,Falco peregrinus,1
Falco sp. (large falcon sp.),Falco peregrinus,1
Falco sp. (small falcon sp.),Falco peregrinus,1
Falco sparverius,,
Falco sparverius [sparverius Group],Falco sparverius,
Falco sparverius paulus,,
Francolinus francolinus,,
Francolinus pondicerianus,,
Fratercula arctica,,
Fratercula cirrhata,,
Fratercula corniculata,,
Fregata ariel,,
Fregata magnificens,,
Fregata minor,,
Fringilla coelebs,,
Fringilla montifringilla,,
Fringillidae sp.,Fringilla montifringilla,1
Fulica alai,,
Fulica americana,,
Fulica sp.,Fulica americana,1
Fulmarus glacialis,,
Fulmarus glacialis rodgersii,,
Gallinago delicata,,
Gallinago delicata/gallinago,Gallinago delicata,
Gallinago gallinago,,
Gallinago sp.,Gallinago delicata,1
Gallinula galeata,,
Gallinula galeata [galeata Group],Gallinula galeata,
Gallinula galeata sandvicensis,,
Gallus gallus,,
Gallus gallus (Domestic type),Gallus gallus,
Garrulax canorus,,
Gavia adamsii,,
Gavia arctica,,
Gavia immer,,
Gavia pacifica,,
Gavia sp.,Gavia immer,1
Gavia stellata,,
Gelochelidon nilotica,,
Geococcyx californianus,,
Geopelia striata,,
Geothlypis formosa,,
Geothlypis philadelphia,,
Geothlypis poliocephala,,
Geothlypis tolmiei,,
Geothlypis trichas,,
Geothlypis trichas [arizela Group],Geothlypis trichas,
Geothlypis trichas [occidentalis Group],Geothlypis trichas,
Geotrygon chrysia,,
Geranoaetus albicaudatus,,
Glaucidium brasilianum,,
Glaucidium gnoma,,
Glaucidium gnoma pinicola,,
Gracula religiosa,,
Gruidae sp.,Grus canadensis,1
Grus americana,,
Grus canadensis,,
Grus canadensis canadensis,,
Grus canadensis pulla,,
Grus canadensis x grus,Grus canadensis,
Grus grus,,
Gygis alba,,
Gymnogyps californianus,,
Gymnorhinus cyanocephalus,,
Haematopus bachmani,,
Haematopus palliatus,,
Haematopus palliatus x bachmani,Haematopus palliatus,
Haematopus sp.,Haematopus palliatus,1
Haemorhous cassinii,,
Haemorhous mexicanus,,
Haemorhous mexicanus [mexicanus Group],Haemorhous mexicanus,
Haemorhous mexicanus/purpureus,Haemorhous mexicanus,
Haemorhous purpureus,,
Haemorhous purpureus californicus,,
Haemorhous purpureus purpureus,Haemorhous purpureus,
Haemorhous purpureus/cassinii,Haemorhous purpureus,
Haemorhous sp.,Haemorhous mexicanus,1
Haliaeetus leucocephalus,,
Haliaeetus/Aquila sp.,Haliaeetus leucocephalus,1
Helmitheros vermivorum,,
Hemignathus wilsoni,,
Himantopus mexicanus,,
Himantopus mexicanus knudseni,,
Himatione sanguinea,,
Hirundinidae sp.,Hirundo rustica,1
Hirundo rustica,,
Hirundo rustica erythrogaster,,
Histrionicus histrionicus,,
Horornis diphone,,
Hydrobatidae sp.,Hydroprogne caspia,1
Hydrocoloeus minutus,,
Hydroprogne caspia,,
Hydroprogne/Thalasseus sp.,Hydroprogne caspia,1
Hylocichla mustelina,,
Ianthocincla pectoralis,,
Icteria virens,,
Icteria virens auricollis,,
Icteridae sp.,Icterus galbula,1
Icterus bullockii,,
Icterus bullockii x galbula,Icterus bullockii,
Icterus bullockii/galbula,Icterus bullockii,
Icterus cucullatus,,
Icterus galbula,,
Icterus graduacauda,,
Icterus gularis,,
Icterus parisorum,,
Icterus pectoralis,,
Icterus pustulatus,,
Icterus sp.,Icterus galbula,1
Icterus spurius,,
Icterus wagleri,,
Ictinia mississippiensis,,
Ixobrychus exilis,,
Ixoreus naevius,,
Jacana spinosa,,
Junco hyemalis,,
Junco hyemalis [oreganus Group],Junco hyemalis,
Junco hyemalis aikeni,,
Junco hyemalis caniceps,,
Junco hyemalis cismontanus,,
Junco hyemalis dorsalis,,
Junco hyemalis hyemalis/carolinensis,Junco hyemalis hyemalis,
Junco hyemalis hyemalis/carolinensis/cismontanus,Junco hyemalis hyemalis,
Junco hyemalis mearnsi,,
Junco hyemalis mearnsi x caniceps,Junco hyemalis mearnsi,
Junco hyemalis oreganus x caniceps,Junco hyemalis oreganus ,
Junco hyemalis oreganus x mearnsi,Junco hyemalis oreganus,
Junco hyemalis x Zonotrichia albicollis,Junco hyemalis hyemalis,
Junco hyemalis/phaeonotus,Junco hyemalis hyemalis,
Junco phaeonotus,,
Lagopus lagopus,,
Lagopus leucura,,
Lagopus muta,,
Lagopus sp.,,
Lampornis clemenciae,,
Lanius excubitor,,
Lanius excubitor borealis/invictus,Lanius excubitor,
Lanius ludovicianus,,
Lanius ludovicianus/excubitor,Lanius ludovicianus,
Lanius sp.,Lanius ludovicianus,1
Larinae sp.,Larus argentatus,1
Larus argentatus,,
Larus argentatus smithsonianus,,
Larus argentatus x fuscus,Larus argentatus,
Larus argentatus x glaucescens,Larus argentatus,
Larus argentatus x hyperboreus,Larus argentatus,
Larus argentatus x marinus,Larus argentatus,
Larus argentatus x thayeri,Larus argentatus,
Larus argentatus/thayeri,Larus argentatus,
Larus californicus,,
Larus californicus albertaensis,,
Larus californicus californicus,,
Larus canus,,
Larus canus brachyrhynchus,,
Larus canus canus,,
Larus crassirostris,,
Larus delawarensis,,
Larus dominicanus,,
Larus fuscus,,
Larus fuscus fuscus,,
Larus fuscus graellsii,,
Larus fuscus taimyrensis,,
Larus glaucescens,,
Larus glaucescens x hyperboreus,Larus glaucescens,
Larus glaucoides,,
Larus glaucoides kumlieni,,
Larus heermanni,,
Larus hyperboreus,,
Larus hyperboreus x marinus,Larus hyperboreus,
Larus livens,,
Larus marinus,,
Larus michahellis,,
Larus occidentalis,,
Larus occidentalis x glaucescens,Larus occidentalis,
Larus occidentalis/glaucescens,Larus occidentalis,
Larus schistisagus,,
Larus sp.,Larus argentatus,1
Larus sp. (white-winged gull sp.),Larus argentatus,1
Larus thayeri,,
Larus thayeri x glaucoides,Larus thayeri,
Larus thayeri/glaucoides,Larus thayeri,
Laterallus jamaicensis,,
Leiothrix lutea,,
Leptotila verreauxi,,
Leucophaeus atricilla,,
Leucophaeus atricilla x Larus delawarensis,Leucophaeus atricilla,
Leucophaeus atricilla/pipixcan,Leucophaeus atricilla,
Leucophaeus pipixcan,,
Leucosticte atrata,,
Leucosticte australis,,
Leucosticte sp.,Leucophaeus atricilla,1
Leucosticte tephrocotis,,
Leucosticte tephrocotis littoralis,,
Limnodromus griseus,,
Limnodromus griseus/scolopaceus,Limnodromus griseus,
Limnodromus scolopaceus,,
Limnothlypis swainsonii,,
Limosa fedoa,,
Limosa haemastica,,
Limosa lapponica,,
Limosa limosa,,
Lonchura atricapilla,,
Lonchura malacca,,
Lonchura oryzivora,,
Lonchura punctulata,,
Lophodytes cucullatus,,
Lophura leucomelanos,,
Loxia curvirostra,,
Loxia curvirostra (type 1),Loxia curvirostra,
Loxia curvirostra (type 10),Loxia curvirostra,
Loxia curvirostra (type 2),Loxia curvirostra,
Loxia curvirostra (type 3),Loxia curvirostra,
Loxia curvirostra (type 4),Loxia curvirostra,
Loxia curvirostra (type 5),Loxia curvirostra,
Loxia curvirostra (type 6),Loxia curvirostra,
Loxia leucoptera,,
Loxia sp.,Loxia curvirostra,1
Loxops caeruleirostris,,
Loxops coccineus,,
Loxops mana,,
Lymnocryptes minimus,,
Magumma parva,,
Megaceryle alcyon,,
Megaceryle torquata,,
Megascops asio,,
Megascops kennicottii,,
Megascops sp.,Megascops asio,1
Megascops trichopsis,,
Melanerpes aurifrons,,
Melanerpes carolinus,,
Melanerpes erythrocephalus,,
Melanerpes formicivorus,,
Melanerpes lewis,,
Melanerpes sp.,Melanerpes carolinus,1
Melanerpes uropygialis,,
Melanitta americana,,
Melanitta fusca,,
Melanitta fusca deglandi,,
Melanitta nigra/americana,Melanitta nigra,
Melanitta perspicillata,,
Melanitta perspicillata/americana,Melanitta perspicillata,
Melanitta sp.,Melanitta perspicillata,1
Melanotis caerulescens,,
Meleagris gallopavo,,
Meleagris gallopavo (Domestic type),Meleagris gallopavo,
Melopsittacus undulatus,,
Melopsittacus undulatus (Domestic type),Melopsittacus undulatus,
Melospiza georgiana,,
Melospiza lincolnii,,
Melospiza melodia,,
Melospiza melodia [fallax Group],Melospiza melodia,
Melospiza melodia [heermanni Group],Melospiza melodia,
Melospiza melodia melodia/atlantica,Melospiza melodia,
Melozone aberti,,
Melozone crissalis,,
Melozone fusca,,
Melozone/Pipilo sp.,Melozone crissalis,1
Mergellus albellus,,
Mergellus/Lophodytes/Mergus sp.,Mergus merganser,1
Mergus merganser,,
Mergus merganser americanus,,
Mergus merganser/serrator,Mergus merganser,
Mergus serrator,,
Micrathene whitneyi,,
Milvago chimachima,,
Mimidae sp.,Mimus polyglottos,1
Mimus polyglottos,,
Mitrephanes phaeocercus,,
Mniotilta varia,,
Molothrus aeneus,,
Molothrus aeneus/ater,Molothrus aeneus,
Molothrus ater,,
Molothrus bonariensis,,
Morus bassanus,,
Motacilla alba,,
Motacilla alba lugens,,
Motacilla citreola,,
Myadestes obscurus,,
Myadestes palmeri,,
Myadestes townsendi,,
Mycteria americana,,
Myiarchus cinerascens,,
Myiarchus crinitus,,
Myiarchus nuttingi,,
Myiarchus sagrae,,
Myiarchus sp.,Myiarchus cinerascens,1
Myiarchus tuberculifer,,
Myiarchus tyrannulus,,
Myioborus pictus,,
Myiopsitta monachus,,
Netta peposaca,,
Netta rufina,,
Nomonyx dominicus,,
Nucifraga columbiana,,
Numenius americanus,,
Numenius madagascariensis,,
Numenius phaeopus,,
Numenius phaeopus hudsonicus,,
Numenius sp.,Numenius americanus,1
Numenius tahitiensis,,
Numida meleagris,,
Numida meleagris (Domestic type),Numida meleagris,
Nyctanassa violacea,,
Nyctanassa violacea [violacea Group],Nyctanassa violacea,
Nycticorax nycticorax,,
Nycticorax nycticorax hoactli,,
Nycticorax nycticorax/Nyctanassa violacea,Nycticorax nycticorax,
Nyctidromus albicollis,,
Nymphicus hollandicus,,
Oceanites oceanicus,,
Oceanodroma furcata,,
Oceanodroma leucorhoa,,
Oceanodroma melania,,
Oceanodroma tristrami,,
Odontophoridae sp.,Odontophoridae,1
Onychoprion fuscatus,,
Onychoprion lunatus,,
Oporornis/Geothlypis sp. (Mourning-type),Geothlypis trichas,1
Oreomystis bairdi,,
Oreortyx pictus,,
Oreoscoptes montanus,,
Oreothlypis celata,,
Oreothlypis celata celata,,
Oreothlypis celata celata/orestera,,
Oreothlypis celata lutescens,,
Oreothlypis luciae,,
Oreothlypis peregrina,,
Oreothlypis ruficapilla,,
Oreothlypis ruficapilla ruficapilla,,
Oreothlypis virginiae,,
Oressochen jubatus,,
Ortalis vetula,,
Oxyura jamaicensis,,
Oxyura jamaicensis jamaicensis/andina,Oxyura jamaicensis,
Pachyramphus aglaiae,,
Pagophila eburnea,,
Palmeria dolei,,
Pandion haliaetus,,
Pandion haliaetus carolinensis,,
Pandion haliaetus haliaetus,,
Parabuteo unicinctus,,
Pardirallus maculatus,,
Paridae sp.,Poecile atricapillus,1
Parkesia motacilla,,
Parkesia motacilla/noveboracensis,,
Parkesia noveboracensis,,
Paroaria capitata,,
Paroaria coronata,,
Paroreomyza montana,,
Parulidae sp.,.,1
Parus major,,
Passer domesticus,,
Passer domesticus x montanus,Passer domesticus,
Passer montanus,,
Passerculus sandwichensis,,
Passerculus sandwichensis [guttatus Group],Passerculus sandwichensis,
Passerculus sandwichensis [sandwichensis Group],Passerculus sandwichensis,
Passerculus sandwichensis princeps,,
Passerculus sandwichensis rostratus/atratus,Passerculus sandwichensis,
Passerella iliaca,,
Passerella iliaca [megarhyncha Group],Passerella iliaca,
Passerella iliaca [schistacea Group],Passerella iliaca,
Passerella iliaca [unalaschcensis Group],Passerella iliaca,
Passerella iliaca iliaca/zaboria,Passerella iliaca,
Passeriformes sp.,Passer domesticus,1
Passerina amoena,,
Passerina amoena/cyanea,Passerina amoena,
Passerina caerulea,,
Passerina ciris,,
Passerina cyanea,,
Passerina sp.,Passerina ciris,1
Passerina versicolor,,
Patagioenas fasciata,,
Patagioenas fasciata [fasciata Group],Patagioenas fasciata,
Patagioenas flavirostris,,
Patagioenas leucocephala,,
Patagioenas squamosa,,
Pavo cristatus,,
Pavo cristatus (Domestic type),Pavo cristatus,
Pelecanus erythrorhynchos,,
Pelecanus occidentalis,,
Pelecanus occidentalis californicus,,
Pelecanus occidentalis carolinensis,,
Perdix perdix,,
Perisoreus canadensis,,
Perisoreus canadensis [canadensis Group],Perisoreus canadensis,
Perisoreus canadensis [obscurus Group],Perisoreus canadensis,
Perisoreus canadensis capitalis/albescens,Perisoreus canadensis,
Petrochelidon fulva,,
Petrochelidon fulva pallida,,
Petrochelidon pyrrhonota,,
Petrochelidon pyrrhonota/fulva,Petrochelidon pyrrhonota,
Peucaea aestivalis,,
Peucaea botterii,,
Peucaea carpalis,,
Peucaea cassinii,,
Peucedramus taeniatus,,
Phaethon lepturus,,
Phaethon rubricauda,,
Phaethon sp.,Phaethon lepturus,1
Phainopepla nitens,,
Phalacrocorax auritus,,
Phalacrocorax auritus auritus/floridanus,Phalacrocorax auritus,
Phalacrocorax brasilianus,,
Phalacrocorax brasilianus/auritus,Phalacrocorax brasilianus,
Phalacrocorax carbo,,
Phalacrocorax pelagicus,,
Phalacrocorax penicillatus,,
Phalacrocorax sp.,Phalacrocorax auritus,1
Phalacrocorax urile,,
Phalaenoptilus nuttallii,,
Phalaropus fulicarius,,
Phalaropus lobatus,,
Phalaropus lobatus/fulicarius,Phalaropus lobatus,
Phalaropus sp.,Phalaropus fulicarius,1
Phalaropus tricolor,,
Phasianinae sp.,Phasianus colchicus,1
Phasianus colchicus,,
Phasianus colchicus [colchicus Group],Phasianus colchicus,
Pheucticus ludovicianus,,
Pheucticus ludovicianus/melanocephalus,Pheucticus ludovicianus,
Pheucticus melanocephalus,,
Pheucticus sp.,Pheucticus ludovicianus,1
Phoebastria albatrus,,
Phoebastria immutabilis,,
Phoebastria immutabilis x nigripes,Phoebastria immutabilis,
Phoebastria nigripes,,
Phoenicopterus roseus,,
Phoenicopterus ruber,,
Phoenicopterus ruber/roseus,Phoenicopterus ruber,
Pica hudsonia,,
Pica nuttalli,,
Picidae sp.,Pica hudsonia,1
Picoides albolarvatus,,
Picoides arcticus,,
Picoides arizonae,,
Picoides borealis,,
Picoides dorsalis,,
Picoides dorsalis dorsalis,,
Picoides dorsalis fasciatus,,
Picoides dorsalis/arcticus,Picoides dorsalis,
Picoides nuttallii,,
Picoides nuttallii x pubescens,Picoides nuttallii,
Picoides pubescens,,
Picoides pubescens gairdnerii/turati,Picoides pubescens,
Picoides pubescens pubescens/medianus,Picoides pubescens,
Picoides pubescens/villosus,Picoides pubescens,
Picoides scalaris,,
Picoides scalaris x nuttallii,Picoides scalaris,
Picoides sp.,Picoides pubescens,1
Picoides stricklandi,,
Picoides villosus,,
Picoides villosus [harrisi Group],Picoides villosus,
Pinicola enucleator,,
Pionus maximiliani,,
Pipilo chlorurus,,
Pipilo chlorurus x maculatus,Pipilo chlorurus,
Pipilo erythrophthalmus,,
Pipilo erythrophthalmus erythrophthalmus/canaster,Pipilo erythrophthalmus,
Pipilo maculatus,,
Pipilo maculatus [maculatus Group],Pipilo maculatus,
Pipilo maculatus [oregonus Group],Pipilo maculatus,
Pipilo maculatus x erythrophthalmus,Pipilo maculatus,
Pipilo maculatus/erythrophthalmus,Pipilo maculatus,
Piranga flava,,
Piranga ludoviciana,,
Piranga olivacea,,
Piranga rubra,,
Piranga sp.,Piranga rubra,1
Pitangus sulphuratus,,
Platalea ajaja,,
Plectrophenax hyperboreus,,
Plectrophenax nivalis,,
Plectrophenax nivalis/hyperboreus,Plectrophenax nivalis,
Plegadis chihi,,
Plegadis falcinellus,,
Plegadis falcinellus x chihi,Plegadis falcinellus,
Plegadis falcinellus/chihi,Plegadis falcinellus,
Pluvialis apricaria/dominica/fulva,Pluvialis apricaria,
Pluvialis dominica,,
Pluvialis dominica/fulva,Pluvialis dominica,
Pluvialis fulva,,
Pluvialis sp.,Pluvialis squatarola,1
Pluvialis squatarola,,
Podiceps auritus,,
Podiceps auritus/nigricollis,Podiceps auritus,
Podiceps grisegena,,
Podiceps nigricollis,,
Podicipedidae sp.,Podiceps auritus,1
Podilymbus podiceps,,
Poecile atricapillus,,
Poecile atricapillus x gambeli,Poecile atricapillus,
Poecile carolinensis,,
Poecile carolinensis/atricapillus,Poecile carolinensis,
Poecile gambeli,,
Poecile gambeli [gambeli Group],Poecile gambeli,
Poecile hudsonicus,,
Poecile rufescens,,
Poecile sclateri,,
Poecile sp.,Poecile atricapillus,1
Polioptila caerulea,,
Polioptila caerulea [obscura Group],Polioptila caerulea,
Polioptila caerulea caerulea,,
Polioptila californica,,
Polioptila melanura,,
Polioptila nigriceps,,
Polioptila sp.,Polioptila caerulea,1
Polysticta stelleri,,
Pooecetes gramineus,,
Porphyrio martinicus,,
Porphyrio poliocephalus,,
Porphyrio porphyrio,,
Porzana carolina,,
Procellariidae sp.,Procellariidae,1
Procellariidae sp. (shearwater sp.),Procellariidae,1
Procelsterna cerulea,,
Progne subis,,
Protonotaria citrea,,
Prunella montanella,,
Psaltriparus minimus,,
Psaltriparus minimus [melanotis Group],Psaltriparus minimus,
Psaltriparus minimus [minimus Group],Psaltriparus minimus,
Psaltriparus minimus [plumbeus Group],Psaltriparus minimus,
Pseudonestor xanthophrys,,
Psilorhinus morio,,
Psiloscops flammeolus,,
Psittacara erythrogenys,,
Psittacara finschi,,
Psittacara holochlorus,,
Psittacara leucophthalmus,,
Psittacara mitratus,,
Psittacara mitratus/erythrogenys,Psittacara mitratus,
Psittacara sp.,Psittacara mitratus,1
Psittacara wagleri,,
Psittaciformes sp. (parakeet sp.),Psittacara mitratus,1
Psittaciformes sp. (parrot sp.),Psittacara mitratus,1
Psittacula krameri,,
Pternistis erckelii,,
Pternistis/Francolinus/Peliperdix/Scleroptila sp.,Pternistis erckelii,1
Pterodroma hypoleuca,,
Pterodroma sandwichensis,,
Ptychoramphus aleuticus,,
Ptychoramphus/Aethia sp.,Ptychoramphus aleuticus,1
Puffinus opisthomelas,,
Puffinus puffinus,,
Puffinus sp. (black-and-white shearwater sp.),Puffinus opisthomelas,1
Pycnonotus cafer,,
Pycnonotus jocosus,,
Pyrocephalus rubinus,,
Pyrrhula pyrrhula,,
Quiscalus major,,
Quiscalus major torreyi/alabamensis,Quiscalus major,
Quiscalus major westoni,,
Quiscalus major/mexicanus,Quiscalus major,
Quiscalus mexicanus,,
Quiscalus mexicanus [graysoni Group],Quiscalus mexicanus,
Quiscalus quiscula,,
Quiscalus quiscula quiscula/stonei,Quiscalus quiscula,
Quiscalus quiscula versicolor,,
Quiscalus sp.,Quiscalus quiscula,1
Rallidae sp. (rail/crake sp.),Rallus limicola,1
Rallus crepitans,,
Rallus crepitans crepitans/waynei,Rallus crepitans,
Rallus crepitans saturatus/scottii,Rallus crepitans,
Rallus elegans,,
Rallus elegans elegans,,
Rallus elegans/crepitans,Rallus elegans,
Rallus limicola,,
Rallus limicola limicola/friedmanni,Rallus limicola,
Rallus obsoletus,,
Rallus obsoletus levipes,,
Rallus obsoletus obsoletus,,
Rallus obsoletus yumanensis,,
Rallus obsoletus/longirostris/crepitans,Rallus obsoletus,
Rallus sp.,Rallus limicola,1
Rallus sp. (large Rallus sp.),Rallus limicola,1
Recurvirostra americana,,
Regulus calendula,,
Regulus satrapa,,
Regulus sp.,Regulus satrapa,1
Rhodostethia rosea,,
Rhodothraupis celaeno,,
Rhynchophanes mccownii,,
Riparia riparia,,
Rissa tridactyla,,
Rissa tridactyla pollicaris,,
Rostrhamus sociabilis,,
Rynchops niger,,
Salpinctes obsoletus,,
Sayornis nigricans,,
Sayornis nigricans [nigricans Group],Sayornis nigricans,
Sayornis phoebe,,
Sayornis saya,,
Sayornis sp.,Sayornis phoebe,1
Scolopacidae sp.,Scolopax minor,1
Scolopacidae sp. (large shorebird sp.),Scolopax minor,1
Scolopax minor,,
Seiurus aurocapilla,,
Selasphorus calliope,,
Selasphorus platycercus,,
Selasphorus rufus,,
Selasphorus rufus/sasin,Selasphorus rufus,
Selasphorus sasin,,
Selasphorus sp.,,1
Serinus canaria,,
Serinus mozambicus,,
Setophaga americana,,
Setophaga americana x pitiayumi,Setophaga americana,
Setophaga caerulescens,,
Setophaga castanea,,
Setophaga castanea/striata,Setophaga castanea,
Setophaga chrysoparia,,
Setophaga citrina,,
Setophaga coronata,,
Setophaga coronata auduboni,,
Setophaga coronata coronata,,
Setophaga coronata coronata x auduboni,Setophaga coronata coronata,
Setophaga discolor,,
Setophaga dominica,,
Setophaga fusca,,
Setophaga graciae,,
Setophaga magnolia,,
Setophaga nigrescens,,
Setophaga occidentalis,,
Setophaga palmarum,,
Setophaga palmarum hypochrysea,,
Setophaga palmarum palmarum,,
Setophaga pensylvanica,,
Setophaga petechia,,
Setophaga petechia [aestiva Group],Setophaga petechia,
Setophaga petechia [erithachorides Group],Setophaga petechia,
Setophaga pinus,,
Setophaga pitiayumi,,
Setophaga ruticilla,,
Setophaga striata,,
Setophaga tigrina,,
Setophaga townsendi,,
Setophaga townsendi x occidentalis,Setophaga townsendi,
Setophaga virens,,
Sialia currucoides,,
Sialia mexicana,,
Sialia sialis,,
Sialia sialis [sialis Group],Sialia sialis,
Sialia sp.,Sialia sialis,1
Sicalis flaveola,,
Sitta canadensis,,
Sitta carolinensis,,
Sitta carolinensis [mexicana Group],Sitta carolinensis,
Sitta carolinensis aculeata/alexandrae,Sitta carolinensis,
Sitta carolinensis carolinensis,,
Sitta pusilla,,
Sitta pygmaea,,
Sitta sp.,Sitta carolinensis,1
Somateria fischeri,,
Somateria mollissima,,
Somateria mollissima borealis,,
Somateria mollissima dresseri,,
Somateria sp.,Somateria mollissima,1
Somateria spectabilis,,
Spermestes cucullata,,
Sphyrapicus nuchalis,,
Sphyrapicus nuchalis x ruber,Sphyrapicus nuchalis,
Sphyrapicus ruber,,
Sphyrapicus sp.,Sphyrapicus varius,1
Sphyrapicus thyroideus,,
Sphyrapicus varius,,
Sphyrapicus varius x nuchalis,Sphyrapicus varius,
Sphyrapicus varius x ruber,Sphyrapicus varius,
Sphyrapicus varius/nuchalis,Sphyrapicus varius,
Spindalis zena,,
Spinus lawrencei,,
Spinus pinus,,
Spinus pinus (green morph),Spinus pinus,
Spinus psaltria,,
Spinus sp. (goldfinch sp.),Spinus tristis,1
Spinus spinus,,
Spinus tristis,,
Spiza americana,,
Spizella atrogularis,,
Spizella breweri,,
Spizella breweri breweri,,
Spizella pallida,,
Spizella passerina,,
Spizella pusilla,,
Spizella sp.,Spizella pusilla,1
Spizella/Spizelloides sp.,,1
Spizelloides arborea,,
Sporophila torqueola,,
Stelgidopteryx serripennis,,
Stercorarius parasiticus,,
Stercorarius pomarinus,,
Stercorarius pomarinus/parasiticus,Stercorarius pomarinus,
Stercorarius skua,,
Stercorarius sp. (jaeger sp.),Spizelloides arborea,1
Sterna dougallii,,
Sterna forsteri,,
Sterna hirundo,,
Sterna paradisaea,,
Sterna sp.,Sterna forsteri,1
Sterninae sp.,Sterna forsteri,1
Sternula antillarum,,
Streptopelia capicola,,
Streptopelia chinensis,,
Streptopelia decaocto,,
Streptopelia decaocto x Zenaida macroura,Streptopelia decaocto,
Streptopelia decaocto x roseogrisea,Streptopelia decaocto,
Streptopelia roseogrisea,,
Streptopelia roseogrisea (Domestic type),Streptopelia roseogrisea,
Streptopelia sp.,Streptopelia decaocto,1
Strigiformes sp.,Streptopelia decaocto,1
Strix nebulosa,,
Strix nebulosa nebulosa,,
Strix occidentalis,,
Strix occidentalis lucida,,
Strix occidentalis occidentalis,,
Strix varia,,
Strix varia [varia Group],Strix varia,
Sturnella magna,,
Sturnella magna [lilianae Group],Sturnella magna,
Sturnella magna [magna Group],Sturnella magna,
Sturnella neglecta,,
Sturnella neglecta/magna,Sturnella neglecta,
Sturnus vulgaris,,
Sula dactylatra,,
Sula granti,,
Sula leucogaster,,
Sula leucogaster brewsteri,,
Sula nebouxii,,
Sula sp.,Sula leucogaster,1
Sula sula,,
Sula sula websteri,,
Sulidae sp.,Sula leucogaster,1
Surnia ulula,,
Surnia ulula caparoch,,
Synthliboramphus antiquus,,
Synthliboramphus craveri,,
Synthliboramphus scrippsi,,
Synthliboramphus scrippsi/hypoleucus,Synthliboramphus scrippsi,
Tachybaptus dominicus,,
Tachycineta bicolor,,
Tachycineta bicolor/thalassina,Tachycineta bicolor,
Tachycineta thalassina,,
Tadorna ferruginea,,
Tadorna tadorna,,
Telespiza cantans,,
Tetraoninae sp.,Tetraoninae,1
Thalasseus elegans,,
Thalasseus maximus,,
Thalasseus sandvicensis,,
Thectocercus acuticaudatus,,
Thectocercus acuticaudatus [acuticaudatus Group],Thectocercus acuticaudatus,
Thraupidae sp. (tanager sp.),Thraupidae,1
Threskiornis aethiopicus,,
Threskiornithidae sp. (ibis sp.),Threskiornis aethiopicus,1
Thryomanes bewickii,,
Thryomanes bewickii [spilurus Group],Thryomanes bewickii,
Thryophilus sinaloa,,
Thryothorus ludovicianus,,
Tiaris bicolor,,
Tiaris olivaceus,,
Toxostoma bendirei,,
Toxostoma crissale,,
Toxostoma curvirostre,,
Toxostoma lecontei,,
Toxostoma longirostre,,
Toxostoma redivivum,,
Toxostoma rufum,,
Toxostoma sp.,Toxostoma rufum,1
Tringa brevipes,,
Tringa brevipes/incana,Tringa brevipes,
Tringa erythropus,,
Tringa flavipes,,
Tringa incana,,
Tringa melanoleuca,,
Tringa melanoleuca/flavipes,Tringa melanoleuca,
Tringa semipalmata,,
Tringa semipalmata inornata,,
Tringa semipalmata semipalmata,,
Tringa solitaria,,
Tringa sp.,Tringa melanoleuca,1
Tringa stagnatilis,,
Trochilidae sp.,Archilochus colubris,1
Troglodytes aedon,,
Troglodytes aedon [aedon Group],Troglodytes aedon,
Troglodytes aedon [brunneicollis Group],Troglodytes aedon,
Troglodytes hiemalis,,
Troglodytes pacificus,,
Troglodytes pacificus/hiemalis,Troglodytes pacificus,
Troglodytidae sp.,Troglodytes aedon,1
Trogon elegans,,
Turdidae sp.,Turdus migratorius,1
Turdus assimilis,,
Turdus eunomus,,
Turdus grayi,,
Turdus iliacus,,
Turdus migratorius,,
Turdus migratorius [migratorius Group],Turdus migratorius,
Turdus migratorius/Ixoreus naevius,Turdus migratorius,
Turdus naumanni/eunomus,Turdus naumanni,
Turdus pilaris,,
Turdus rufopalliatus,,
Turdus rufopalliatus rufopalliatus,,
Tympanuchus cupido,,
Tympanuchus cupido attwateri,,
Tympanuchus pallidicinctus,,
Tympanuchus phasianellus,,
Tyrannidae sp.,Tyrannus couchii,1
Tyrannus couchii,,
Tyrannus crassirostris,,
Tyrannus dominicensis,,
Tyrannus forficatus,,
Tyrannus melancholicus,,
Tyrannus melancholicus/couchii,Tyrannus melancholicus,
Tyrannus savana,,
Tyrannus sp. (yellow-bellied),Tyrannus couchii,1
Tyrannus tyrannus,,
Tyrannus verticalis,,
Tyrannus vociferans,,
Tyto alba,,
Tyto alba [furcata Group],Tyto alba,
Uraeginthus cyanocephalus,,
Uria aalge,,
Uria aalge/lomvia,Uria aalge,
Uria lomvia,,
Uria/Alca sp.,Uria aalge,1
Vanellus vanellus,,
Vermivora chrysoptera,,
Vermivora cyanoptera,,
Vidua macroura,,
Vireo bellii,,
Vireo cassinii,,
Vireo cassinii/solitarius,Vireo cassinii,
Vireo crassirostris,,
Vireo flavifrons,,
Vireo gilvus,,
Vireo griseus,,
Vireo griseus [griseus Group],Vireo griseus,
Vireo huttoni,,
Vireo huttoni [huttoni Group],Vireo huttoni,
Vireo huttoni [stephensi Group],Vireo huttoni [stephensi Group],
Vireo olivaceus,,
Vireo philadelphicus,,
Vireo plumbeus,,
Vireo plumbeus/cassinii,Vireo plumbeus,
Vireo plumbeus/cassinii/solitarius,Vireo plumbeus,
Vireo solitarius,,
Vireo sp.,Vireo solitarius,1
Vireo vicinior,,
Xanthocephalus xanthocephalus,,
Xema sabini,,
Zenaida asiatica,,
Zenaida macroura,,
Zonotrichia albicollis,,
Zonotrichia atricapilla,,
Zonotrichia atricapilla x albicollis,Zonotrichia atricapilla,
Zonotrichia leucophrys,,
Zonotrichia leucophrys gambelii,,
Zonotrichia leucophrys leucophrys/oriantha,Zonotrichia leucophrys,
Zonotrichia leucophrys nuttalli/pugetensis,Zonotrichia leucophrys,
Zonotrichia leucophrys oriantha,,
Zonotrichia leucophrys pugetensis,,
Zonotrichia leucophrys x albicollis,Zonotrichia leucophrys,
Zonotrichia leucophrys x atricapilla,Zonotrichia leucophrys,
Zonotrichia querula,,
Zonotrichia sp.,Zonotrichia albicollis,1
Zosterops japonicus,,
Zosterops palpebrosus,,
